/*drop database projetoFilmes;*/
create database projetoFilmes;
use projetoFilmes;


create table filme(
codigo_Filme int NOT NULL AUTO_INCREMENT,
nome_Filme varchar(100),
sinopse varchar(2000),
produtora varchar(50),
data_Lancamento int(4),
genero varchar(50),
orcamento double(12,2),
idioma varchar(15),
receita double(12,2),
PRIMARY KEY (codigo_Filme)
);
create table producaoFilme(
codigo_producaoFilme int NOT NULL AUTO_INCREMENT,
codigo_Filme int NOT NULL,
diretor varchar(25),
elenco varchar(800),
distribuicao varchar(100),
roteiro varchar(60),
musica varchar(250),
PRIMARY KEY (codigo_producaoFilme),
foreign key (codigo_Filme) REFERENCES filme(codigo_Filme)
);
create table complementaresFilmes(
codigo_Complementares int NOT NULL AUTO_INCREMENT,
codigo_Filme int NOT NULL,
imagem_Capa varchar(100),
link_Trailer1 varchar(2000),
link_Trailer2 varchar(2000),
PRIMARY KEY (codigo_Complementares),
foreign key (codigo_Filme) REFERENCES filme(codigo_Filme)
);

INSERT INTO filme (
    codigo_Filme, nome_Filme, sinopse, produtora, data_Lancamento, genero, orcamento, idioma, receita
) VALUES
(1, 'Star Wars: Episódio I – A Ameaça Fantasma', 'Obi-Wan e seu mentor embarcam em uma perigosa aventura na tentativa de salvar o planeta das garras de Darth Sidious. Durante a viagem, eles conhecem um habilidoso menino e decidem treiná-lo para se tornar um Jedi. Mas o tempo irá revelar que as coisas nem sempre são o que aparentam ser.', 'Lucasfilm', 1999, 'Infantil/Ficção científica', 115000000.00, 'Ingles', 1043000000.00),
(2, 'Star Wars: Episódio 2 – Ataque dos Clones', 'Dez anos após o primeiro encontro, Anakin Skywalker vive um romance proibido com Padmé, enquanto Obi-Wan investiga uma tentativa de assassinato do senador e descobre um exército secreto de clones criado para tentar destruir os Jedi.', 'Lucasfilm', 2002, 'Infantil/Ficção científica', 115000000.00, 'Ingles', 653800000.00),
(3, 'Star Wars: Episódio III – A Vingança dos Sith', 'As Guerras Clônicas estão em pleno andamento e Anakin Skywalker mantém um elo de lealdade com Palpatine, ao mesmo tempo em que luta para que seu casamento com Padmé Amidala não seja afetado por esta situação. Seduzido por promessas de poder, Anakin se aproxima cada vez mais de Darth Sidious até se tornar o temível Darth Vader. Juntos eles tramam um plano para aniquilar de uma vez por todas com os cavaleiros jedi.', 'Lucasfilm', 2005, 'Infantil/Ficção científica', 113000000.00, 'Ingles', 848000000.00),
(4, 'Star Wars: Episódio IV – Uma Nova Esperança', 'A princesa Leia é mantida refém pelas forças imperiais comandadas por Darth Vader. Luke Skywalker e o capitão Han Solo precisam libertá-la e restaurar a liberdade e a justiça na galáxia.', 'Lucasfilm', 1977, 'Infantil/Ficção científica', 11000000.00, 'Ingles', 775000000.00),
(5, 'Guerra nas Estrelas: O Império Contra-Ataca', 'Yoda treina Luke Skywalker para ser um cavaleiro Jedi. Han Solo corteja a Princesa Leia enquanto Darth Vader retorna para combater as forças rebeldes que tentam salvar a galáxia.', 'Lucasfilm', 1980, 'Infantil/Ficção científica', 30500000.00, 'Ingles', 538000000.00),
(6, 'Velozes e Furiosos 5: Operação Rio', 'Desde que o ex-policial Brian O\'Conner e Mia Toretto libertaram Dom da prisão, eles viajam pelo mundo para fugir das autoridades. No Rio de Janeiro, eles são obrigados a fazer um último trabalho antes de ganhar sua liberdade definitiva. Brian e Dom montam uma equipe de elite de pilotos de carro para executar a tarefa, mas precisam enfrentar um empresário corrupto e também um obstinado agente federal norte-americano.', 'Justin Lin', 2011, 'Ação/Thriller', 125000000.00, 'Ingles', 626100000.00),
(7, 'Velozes e Furiosos 6', 'Desde que o golpe de Dom e Brian no Rio de Janeiro deixou o grupo com 100 milhões de dólares, a equipe se espalhou pelo mundo.', 'Justin Lin', 2013, 'Ação/Thriller', 160000000.00, 'Ingles', 788700000.00),
(8, 'Velozes & Furiosos 7', 'Um agente do governo oferece ajuda para cuidar de Shaw em troca de Dom e o grupo resgatar um hacker sequestrado. Dessa vez, não se trata apenas de velocidade: a corrida é pela sobrevivência.', 'James Wan', 2015, 'Ação/Thriller', 190000000.00, 'Ingles', 1515000000.00),
(9, 'Velozes e Furiosos 8', 'Depois da aposentadoria de Brian e Mia, Dom e Letty aproveitam a lua de mel e levam uma vida pacata e normal. Mas a adrenalina do passado volta com tudo quando uma mulher misteriosa obriga Dom a retornar ao mundo do crime e da velocidade.', 'James Wan', 2017, 'Ação/Thriller', 250000000.00, 'Ingles', 1239000000.00),
(10, 'Velozes e Furiosos 9', 'Dominic Toretto e Letty vivem uma vida pacata ao lado do filho. Mas eles logo são ameaçados pelo passado de Dom: seu irmão desaparecido Jakob, que retorna e está trabalhando ao lado de Cipher. Cabe a Dom reunir a equipe novamente para enfrentá-los.', 'James Wan', 2021, 'Ação/Thriller', 200000000.00, 'Ingles', 726200000.00);


insert into producaoFilme(codigo_Filme, diretor, elenco, distribuicao, roteiro, musica) values 
(1, 'Chris Buck, Jennifer Lee',  'Mark Hamill como Luke Skywalker, Harrison Ford como Han Solo, Carrie Fisher como Princesa Leia Organa, Alec Guinness como Obi-Wan Kenobi, Peter Cushing como Grand Moff Tarkin, Anthony Daniels como C-3PO (voz), Kenny Baker como R2-D2, Peter Mayhew como Chewbacca, David Prowse como Darth Vader (voz de James Earl Jones), Phil Brown como Tio Owen Lars, Shelagh Fraser como Tia Beru Lars, Jack Purvis como Chefe Jawa, Alex McCrindle como Comandante Rebelde, Eddie Byrne como General Willard, Drewe Henley como Piloto de X-Wing Red Leader, Denis Lawson como Piloto de X-Wing Wedge Antilles, Garrick Hagon como Piloto de X-Wing Biggs Darklighter',
 '20th Century Fox', 'George Lucas', 
'Main Title/Rebel Blockade Runner, Imperial Attack, The Desert and the Robot Auction, The Princess Appears, The Land of the Sand People, Princess Leias Theme, Cantina Band, The Last Battle, The Throne Room and End Title'),
(2, 'Colin Trevorrow', 'Hayden Christensen como Anakin Skywalker, Natalie Portman como Padmé Amidala, Ewan McGregor como Obi-Wan Kenobi, Samuel L. Jackson como Mace Windu, Christopher Lee como Conde Dooku, Ian McDiarmid como Canciller Palpatine/Darth Sidious, Anthony Daniels como C-3PO (voz), Kenny Baker como R2-D2, Frank Oz como Yoda (voz), Temuera Morrison como Jango Fett, Jimmy Smits como Bail Organa, Pernilla August como Shmi Skywalker, Jack Thompson como Cliegg Lars, Leeanna Walsman como Zam Wesell, Daniel Logan como Boba Fett, Silas Carson como Ki-Adi-Mundi / Nute Gunray, Ayesha Dharker como Reina Jamillia, Joel Edgerton como Owen Lars, Bonnie Piesse como Beru Whitesun, Rose Byrne como Dormé',
'20th Century Fox', 'George Lucas, Jonathan Hales',
'Star Wars Main Title and Ambush on Coruscant, Across the Stars (Love Theme from Attack of the Clones), Zam the Assassin and the Chase Through Coruscant, Yoda and the Younglings, Departing Coruscant, Anakin and Padmé, Jango Escape, The Meadow Picnic, Bounty Hunter Pursuit, Return to Tatooine, The Tusken Camp and the Homestead, Love Pledge and the Arena, Confrontation with Count Dooku and Finale, On the Conveyor Belt (Target exclusive bonus track)'),
(3, 'Joe Johnston', 'Hayden Christensen como Anakin Skywalker, Ewan McGregor como Obi-Wan Kenobi, Natalie Portman como Padmé Amidala, Ian McDiarmid como Palpatine / Darth Sidious, Samuel L. Jackson como Mace Windu, Christopher Lee como Conde Dookan, Anthony Daniels como C-3PO (voz), Kenny Baker como R2-D2, Frank Oz como Yoda (voz), Jimmy Smits como Bail Organa, Peter Mayhew como Chewbacca, Temuera Morrison como Clones Troopers / Boba Fett (voz), Bruce Spence como Tion Medon', '20th Century Fox', 'George Lucas', 'Star Wars and the Revenge of the Sith, Anakins Dream, Battle of the Heroes, Anakins Betrayal, General Grievous, Palpatines Teachings, Grievous and the Droids, Padmé Ruminations, Anakin vs. Obi-Wan, Anakin Dark Deeds, Enter Lord Vader, The Immolation Scene, Grievous Speaks to Lord Sidious, The Birth of the Twins and Padmé''s Destiny, A New Hope and End Credits'),
(4,'George Lucas', 'Mark Hamill como Luke Skywalker, Harrison Ford como Han Solo, Carrie Fisher como Princesa Leia Organa, Alec Guinness como Obi-Wan Kenobi, Peter Cushing como Governador Tarkin, Anthony Daniels como C-3PO (voz), Kenny Baker como R2-D2, Peter Mayhew como Chewbacca, David Prowse como Darth Vader (com a voz de James Earl Jones), James Earl Jones como a voz de Darth Vader, Phil Brown como Tio Owen Lars, Shelagh Fraser como Tia Beru Lars', '20th Century Fox', 'Joaquim Dos Santos, Kemp Powers e Justin K. Thompson', 'Main Title, The Imperial March (Darth Vader''s Theme), Princess Leia''s Theme, The Force Theme, Binary Sunset, Cantina Band, Throne Room and End Title'),
(5, 'Leigh Brackett Lawrence Kasdan', 'Mark Hamill como Luke Skywalker, Harrison Ford como Han Solo, Carrie Fisher como Princesa Leia Organa, Billy Dee Williams como Lando Calrissian, Anthony Daniels como C-3PO (voz), Kenny Baker como R2-D2, Peter Mayhew como Chewbacca, David Prowse como Darth Vader, James Earl Jones como a voz de Darth Vader, Frank Oz como Yoda (voz), Alec Guinness como Obi-Wan Kenobi (aparições em visões de Luke), Jeremy Bulloch como Boba Fett, Julian Glover como General Maximilian Veers, John Ratzenberger como Major Bren Derlin, Kenneth Colley como Almirante Piett, Michael Sheard como Almirante Ozzel, Denis Lawson como Wedge Antilles', '20th Century Fox', 'Rob Minkoff, Roger Allers', 'The Imperial March (Darth Vader''s Theme), The Asteroid Field, Yoda''s Theme, The Battle of Hoth, Han Solo and the Princess, The Training of a Jedi Knight, The Rebel Fleet / End Title'),
(6, 'Chris Morgan', 'Vin Diesel como Dominic Toretto, Paul Walker como Brian O''Conner, Dwayne Johnson como Luke Hobbs, Jordana Brewster como Mia Toretto, Tyrese Gibson como Roman Pearce, Ludacris como Tej Parker, Sung Kang como Han Lue, Gal Gadot como Gisele Yashar, Tego Calderón como Tego, Don Omar como Santos, Matt Schulze como Vince, Elsa Pataky como Elena Neves, Joaquim de Almeida como Reyes, Michael Irby como Zizi, Alimi Ballard como Fusco, Fernando Chien como Wilkes, Yorgo Constantine como Chato, Shea Whigham como Agente Markham', 'Universal Studios', 'Bryan Singer, Dexter Fletcher', 'How We Roll – Don Omar ft. Busta Rhymes, Reek Da Villian e J-Doe'),	
(7, 'Chris Morgan', 'Vin Diesel como Dominic Toretto, Paul Walker como Brian O''Conner, Dwayne Johnson como Luke Hobbs, Michelle Rodriguez como Letty Ortiz, Jordana Brewster como Mia Toretto, Tyrese Gibson como Roman Pearce, Ludacris como Tej Parker, Sung Kang como Han Lue, Gal Gadot como Gisele Yashar, Luke Evans como Owen Shaw, Gina Carano como Riley Hicks, Elsa Pataky como Elena Neves', 'Universal Pictures', 'Andy Muschietti', 'We Own It'),
(8, 'Chris Morgan,Gary Scott Thompson', 'Vin Diesel como Dominic Toretto, Paul Walker como Brian O''Conner, Dwayne Johnson como Luke Hobbs, Michelle Rodriguez como Letty Ortiz, Jordana Brewster como Mia Toretto, Tyrese Gibson como Roman Pearce, Ludacris como Tej Parker, Sung Kang como Han Lue, Gal Gadot como Gisele Yashar, Chris "Ludacris" Bridges como Tej Parker, Elsa Pataky como Elena Neves, Lucas Black como Sean Boswell, Kurt Russell como Mr. Nobody, Jason Statham como Deckard Shaw, Nathalie Emmanuel como Ramsey, Djimon Hounsou como Jakande, Tony Jaa como Kiet', 'Universal Studios', 'Tim Burton, Mike Johnson', 'Go Hard or Go Home – Wiz Khalifa'),
(9, 'Chris Morgan', 'Vin Diesel como Dominic Toretto, Dwayne Johnson como Luke Hobbs, Jason Statham como Deckard Shaw, Michelle Rodriguez como Letty Ortiz, Tyrese Gibson como Roman Pearce, Ludacris como Tej Parker, Charlize Theron como Cipher, Kurt Russell como Mr. Nobody, Nathalie Emmanuel como Ramsey, Scott Eastwood como Eric Reisner, Helen Mirren como Magdalene Shaw, Elsa Pataky como Elena Neves, Kristofer Hivju como Connor Rhodes, Luke Evans como Owen Shaw, Don Omar como Santos, Tego Calderón como Leo, Jason Tobin como Earl Hu', 'Universal Studios', 'Clyde Geronimi, Wilfred Jackson, Hamilton Luske', 'Gang Up (feat. Young Thug, 2 Chainz & PnB Rock)'),
(10, 'Chris Morgan,Gary Scott Thompson, Daniel Casey,Justin Lin', 'Vin Diesel como Dominic Toretto, Michelle Rodriguez como Letty Ortiz, Tyrese Gibson como Roman Pearce, Chris "Ludacris" Bridges como Tej Parker, John Cena como Jakob Toretto, Nathalie Emmanuel como Ramsey, Jordana Brewster como Mia Toretto, Sung Kang como Han Lue, Helen Mirren como Magdalene Shaw, Charlize Theron como Cipher, Kurt Russell como Mr. Nobody, Michael Rooker como Buddy, Finn Cole como Young Jakob, Vinnie Bennett como Young Dom, Anna Sawai como Elle, Thue Ersted Rasmussen como Otto, Lucas Black como Sean Boswell, Bow Wow como Twinkie, Jason Tobin como Earl Hu','Universal Studios','Andrew Adamson, Vicky Jenson',  'Rapido part. Farruko, Myke Towers & Rochy RD' );



insert into complementaresFilmes(codigo_Filme, imagem_Capa, link_Trailer1,link_Trailer2) values 
(1,'../imagens/SW1.jpg ', '<iframe width="1280" height="720" src="https://www.youtube.com/embed/bD7bpG-zDJQ" title="Star Wars Episode I: The Phantom Menace - Trailer" frameborder="0" allow="accelerometer; autoplay; clipboard-write; encrypted-media; gyroscope; picture-in-picture; web-share" referrerpolicy="strict-origin-when-cross-origin" allowfullscreen></iframe>','<iframe width="1280" height="720" src="https://www.youtube.com/embed/oH96QbNKIcI" title="‘Star Wars Episode 1: The Phantom Menace (Re-Release)’ official trailer" frameborder="0" allow="accelerometer; autoplay; clipboard-write; encrypted-media; gyroscope; picture-in-picture; web-share" referrerpolicy="strict-origin-when-cross-origin" allowfullscreen></iframe>'),
(2,'../imagens/SW2.jpg ', '<iframe width="1280" height="720" src="https://www.youtube.com/embed/gYbW1F_c9eM" title="Star Wars Episode II: Attack of the Clones - Trailer" frameborder="0" allow="accelerometer; autoplay; clipboard-write; encrypted-media; gyroscope; picture-in-picture; web-share" referrerpolicy="strict-origin-when-cross-origin" allowfullscreen></iframe>','<iframe width="1280" height="704" src="https://www.youtube.com/embed/X7DC-kNCS8c" title="&quot;Star Wars: Episode II - Attack Of The Clones (2002)&quot; Theatrical Trailer #2" frameborder="0" allow="accelerometer; autoplay; clipboard-write; encrypted-media; gyroscope; picture-in-picture; web-share" referrerpolicy="strict-origin-when-cross-origin" allowfullscreen></iframe>'),
(3,'../imagens/SW3.jpg ', '<iframe width="1280" height="720" src="https://www.youtube.com/embed/5UnjrG_N8hU" title="Star Wars Episode III: Revenge of the Sith - Trailer" frameborder="0" allow="accelerometer; autoplay; clipboard-write; encrypted-media; gyroscope; picture-in-picture; web-share" referrerpolicy="strict-origin-when-cross-origin" allowfullscreen></iframe>','<iframe width="1280" height="720" src="https://www.youtube.com/embed/opfJIo__ANQ" title="Star Wars: Episode III - Revenge Of The Sith - Official® Teaser [HD]" frameborder="0" allow="accelerometer; autoplay; clipboard-write; encrypted-media; gyroscope; picture-in-picture; web-share" referrerpolicy="strict-origin-when-cross-origin" allowfullscreen></iframe>'),
(4,'../imagens/SW4.jpg ', '<iframe width="1280" height="720" src="https://www.youtube.com/embed/vZ734NWnAHA" title="Star Wars Episode IV: A New Hope - Trailer" frameborder="0" allow="accelerometer; autoplay; clipboard-write; encrypted-media; gyroscope; picture-in-picture; web-share" referrerpolicy="strict-origin-when-cross-origin" allowfullscreen></iframe>','<iframe width="1004" height="753" src="https://www.youtube.com/embed/9gvqpFbRKtQ" title="Star Wars - Episode IV - Trailer (original 1977)" frameborder="0" allow="accelerometer; autoplay; clipboard-write; encrypted-media; gyroscope; picture-in-picture; web-share" referrerpolicy="strict-origin-when-cross-origin" allowfullscreen></iframe>'),
(5,'../imagens/SW5.jpg', '<iframe width="1280" height="720" src="https://www.youtube.com/embed/JNwNXF9Y6kY" title="Star Wars Episode V: The Empire Strikes Back - Trailer" frameborder="0" allow="accelerometer; autoplay; clipboard-write; encrypted-media; gyroscope; picture-in-picture; web-share" referrerpolicy="strict-origin-when-cross-origin" allowfullscreen></iframe>','<iframe width="1280" height="720" src="https://www.youtube.com/embed/mz_YWNhKOkM" title="Star Wars Empire Strikes Back Original Trailer 1980" frameborder="0" allow="accelerometer; autoplay; clipboard-write; encrypted-media; gyroscope; picture-in-picture; web-share" referrerpolicy="strict-origin-when-cross-origin" allowfullscreen></iframe>'),
(6,'../imagens/VZF5.jpg ', '<iframe width="1280" height="720" src="https://www.youtube.com/embed/e4tEwEZYELc" title="Velozes e Furiosos 5: Operação Rio" frameborder="0" allow="accelerometer; autoplay; clipboard-write; encrypted-media; gyroscope; picture-in-picture; web-share" referrerpolicy="strict-origin-when-cross-origin" allowfullscreen></iframe> ','<iframe width="1280" height="720" src="https://www.youtube.com/embed/FCN-B8SZVlo" title="VELOZES E FURIOSOS 5 - Trailer 2 HD Legendado" frameborder="0" allow="accelerometer; autoplay; clipboard-write; encrypted-media; gyroscope; picture-in-picture; web-share" referrerpolicy="strict-origin-when-cross-origin" allowfullscreen></iframe>'),
(7,'../imagens/VZF6.jpg','<iframe width="1280" height="720" src="https://www.youtube.com/embed/W9o8V9ybbLo" title="TRAILER ESTENDIDO DE VELOZES E FURIOSOS 6" frameborder="0" allow="accelerometer; autoplay; clipboard-write; encrypted-media; gyroscope; picture-in-picture; web-share" referrerpolicy="strict-origin-when-cross-origin" allowfullscreen></iframe>','<iframe width="1280" height="720" src="https://www.youtube.com/embed/PzfrqU4Ef04" title="Velozes e Furiosos 6 - Trailer E" frameborder="0" allow="accelerometer; autoplay; clipboard-write; encrypted-media; gyroscope; picture-in-picture; web-share" referrerpolicy="strict-origin-when-cross-origin" allowfullscreen></iframe>'),
(8,'../imagens/VZF7.jpg ', '<iframe width="1280" height="720" src="https://www.youtube.com/embed/hujU0dw6Erk" title="Velozes &amp; Furiosos 7 - Trailer Oficial" frameborder="0" allow="accelerometer; autoplay; clipboard-write; encrypted-media; gyroscope; picture-in-picture; web-share" referrerpolicy="strict-origin-when-cross-origin" allowfullscreen></iframe>','<iframe width="1280" height="720" src="https://www.youtube.com/embed/pgodQwuynaY" title="Velozes e Furiosos 7 - Trailer Internacional 2" frameborder="0" allow="accelerometer; autoplay; clipboard-write; encrypted-media; gyroscope; picture-in-picture; web-share" referrerpolicy="strict-origin-when-cross-origin" allowfullscreen></iframe>'),
(9,'../imagens/VZF8.jpg ', '<iframe width="1280" height="720" src="https://www.youtube.com/embed/KvSlvtPnZTo" title="Velozes e Furiosos 8 - Trailer Oficial (Universal Pictures) HD" frameborder="0" allow="accelerometer; autoplay; clipboard-write; encrypted-media; gyroscope; picture-in-picture; web-share" referrerpolicy="strict-origin-when-cross-origin" allowfullscreen></iframe>','<iframe width="1280" height="720" src="https://www.youtube.com/embed/ETRg-uTszSc" title="Velozes e Furiosos 8 - Trailer Oficial 2 (Universal Pictures) HD" frameborder="0" allow="accelerometer; autoplay; clipboard-write; encrypted-media; gyroscope; picture-in-picture; web-share" referrerpolicy="strict-origin-when-cross-origin" allowfullscreen></iframe>'),
(10,'../imagens/VZF9.jpg ', '<iframe width="1280" height="720" src="https://www.youtube.com/embed/NnDGWyfP7q4" title="Velozes &amp; Furiosos 9 – Trailer Oficial (Universal Pictures) HD" frameborder="0" allow="accelerometer; autoplay; clipboard-write; encrypted-media; gyroscope; picture-in-picture; web-share" referrerpolicy="strict-origin-when-cross-origin" allowfullscreen></iframe>','<iframe width="1280" height="720" src="https://www.youtube.com/embed/N2dx2M4L8T0" title="Velozes &amp; Furiosos 9 – Trailer 2 Dublado Oficial (Universal Pictures) HD" frameborder="0" allow="accelerometer; autoplay; clipboard-write; encrypted-media; gyroscope; picture-in-picture; web-share" referrerpolicy="strict-origin-when-cross-origin" allowfullscreen></iframe>');

select * from filme;
select * from producaoFilme;
select * from complementaresFilmes;

